{
  "mae": 83.76305231559523,
  "rmse": 170.36910195159643,
  "r2": 0.35444201417047105,
  "n_test": 515
}